ERF Report Explorer,Run Report,Ctrl+R,In Windows
Edit,%DuplicateActionDelegate.Name,Ctrl+Shift+D,In Windows
Edit,Add Block Comment,Ctrl+Shift+/,Editing in Structured Text Editors
Edit,Content Assist,Ctrl+Space,In Dialogs and Windows
Edit,Context Information,Ctrl+Shift+Space,In Windows
Edit,Copy,Ctrl+C,In Dialogs and Windows
Edit,Copy,Ctrl+Insert,In Dialogs and Windows
Edit,Cut,Ctrl+X,In Dialogs and Windows
Edit,Cut,Shift+Delete,In Dialogs and Windows
Edit,Delete,Delete,In Windows
Edit,Find Next,Ctrl+K,Editing Text
Edit,Find Previous,Ctrl+Shift+K,Editing Text
Edit,Find and Replace,Ctrl+F,In Windows
Edit,Find/Replace with JET Model Reference...,Ctrl+R,JET Template Editor
Edit,Format Active Elements,Ctrl+I,Editing in Structured Text Editors
Edit,Format Document,Ctrl+Shift+F,Editing in Structured Text Editors
Edit,Incremental Find,Ctrl+J,Editing Text
Edit,Incremental Find Reverse,Ctrl+Shift+J,Editing Text
Edit,Move,Alt+Shift+V,Editing JSP Source
Edit,Occurrences in File,Ctrl+Shift+A,Editing in Structured Text Editors
Edit,Open Selection,F3,Editing in Structured Text Editors
Edit,Paste,Ctrl+V,In Dialogs and Windows
Edit,Paste,Shift+Insert,In Dialogs and Windows
Edit,Quick Diff Toggle,Ctrl+Shift+Q,Editing Text
Edit,Quick Fix,Ctrl+1,Editing in Structured Text Editors
Edit,Quick Fix,Ctrl+1,In Windows
Edit,Redo,Ctrl+Y,In Windows
Edit,Remove Block Comment,Ctrl+Shift+\,Editing in Structured Text Editors
Edit,Rename,Alt+Shift+R,Editing JSP Source
Edit,Restore Last Selection,Alt+Shift+Down,Editing Java Source
Edit,Restore Last Selection,Alt+Shift+Down,Editing in Structured Text Editors
Edit,Select All,Ctrl+A,In Dialogs and Windows
Edit,Select Enclosing Element,Alt+Shift+Up,Editing Java Source
Edit,Select Enclosing Element,Alt+Shift+Up,Editing in Structured Text Editors
Edit,Select Next Element,Alt+Shift+Right,Editing Java Source
Edit,Select Next Element,Alt+Shift+Right,Editing in Structured Text Editors
Edit,Select Previous Element,Alt+Shift+Left,Editing Java Source
Edit,Select Previous Element,Alt+Shift+Left,Editing in Structured Text Editors
Edit,Show Tooltip Description,F2,Editing Java Source
Edit,Show Tooltip Description,F2,Editing in Structured Text Editors
Edit,Spell Check,Shift+F7,Editing Text
Edit,Spell Check,Shift+F7,Page Designer Design Page
Edit,Toggle Comment,Ctrl+Shift+C,Editing in Structured Text Editors
Edit,Toggle Insert Mode,Ctrl+Shift+Insert,Editing Text
Edit,Undo,Ctrl+Z,In Windows
Edit,Word Completion,Alt+/,Editing Text
Edit,core colors,Alt+Shift+C,J2EE Editors
File,Close,Ctrl+F4,In Windows
File,Close,Ctrl+W,In Windows
File,Close All,Ctrl+Shift+F4,In Windows
File,Close All,Ctrl+Shift+W,In Windows
File,New,Ctrl+N,In Windows
File,New menu,Alt+Shift+N,In Windows
File,Print,Ctrl+P,In Windows
File,Properties,Alt+Enter,In Windows
File,Refresh,F5,In Windows
File,Rename,F2,In Windows
File,Save,Ctrl+S,In Windows
File,Save All,Ctrl+Shift+S,In Windows
Formula Editing,Formula Help,F1,Formula Editor Context
Formula Editing,Go to Definition,F3,Formula Editor Context
Formula Editing,Toggle Comment,Ctrl+/,Formula Editor Context
Help,Close User Assistance Tray,Ctrl+F4,In Dialogs
Help,Close User Assistance Tray,Ctrl+W,In Dialogs
Layout,Edit,F2,Designer layout page
Mapping,Add input,Ctrl+Shift+N, I,Editing Maps
Mapping,Add output,Ctrl+Shift+N, O,Editing Maps
Mapping,Associate XML,Ctrl+Shift+X,Editing Maps
Mapping,Collapse,-,Editing Maps
Mapping,Collapse,Numpad_Subtract,Editing Maps
Mapping,Expand,Numpad_Add,Editing Maps
Mapping,Expand,Shift+=,Editing Maps
Mapping,Generate XSLT,Ctrl+Shift+G,Editing Maps
Mapping,Map,Ctrl+J,Editing Maps
Mapping,Match Mapping,Ctrl+Shift+M,Editing Maps
Mapping,Sort by source,Ctrl+Shift+V, S,Editing Maps
Mapping,Sort by target,Ctrl+Shift+V, T,Editing Maps
Mapping,Test Map,Ctrl+Shift+`,Editing Maps
Mapping Editor,Show View Menu,Ctrl+F10,In Mapping Editor
Navigate,Backward History,Alt+Left,In Windows
Navigate,Forward History,Alt+Right,In Windows
Navigate,Go to Line,Ctrl+L,Editing Text
Navigate,Go to Matching Bracket,Ctrl+Shift+P,Editing Java Source
Navigate,Go to Next Member,Ctrl+Shift+Down,Editing Java Source
Navigate,Go to Previous Member,Ctrl+Shift+Up,Editing Java Source
Navigate,Last Edit Location,Ctrl+Q,In Windows
Navigate,Next,Ctrl+.,In Windows
Navigate,Open Call Hierarchy,Ctrl+Alt+H,In Windows
Navigate,Open Declaration,F3,In Windows
Navigate,Open External Javadoc,Shift+F2,In Windows
Navigate,Open Resource,Ctrl+Shift+R,In Windows
Navigate,Open Structure,Ctrl+F3,Editing Java Source
Navigate,Open Type,Ctrl+Shift+T,In Windows
Navigate,Open Type Hierarchy,F4,In Windows
Navigate,Open Type in Hierarchy,Ctrl+Shift+H,In Windows
Navigate,Previous,Ctrl+,,In Windows
Navigate,Quick Hierarchy,Ctrl+T,Editing Java Source
Navigate,Quick Outline,Ctrl+O,Editing Java Source
Navigate,Show In menu,Alt+Shift+W,In Windows
Page Designer,Add Table Column to Left,Ctrl+Shift+A,Page Designer Design Page
Page Designer,Add Table Column to Right,Ctrl+Shift+D,Page Designer Design Page
Page Designer,Add Table Row Above,Ctrl+Shift+Q,Page Designer Design Page
Page Designer,Add Table Row Below,Ctrl+Shift+Z,Page Designer Design Page
Page Designer,Align Horizontal Center,Ctrl+E,Page Designer Design Page
Page Designer,Align Left,Ctrl+L,Page Designer Design Page
Page Designer,Align Right,Ctrl+R,Page Designer Design Page
Page Designer,Bold,Ctrl+B,Page Designer Design Page
Page Designer,Decrease Indent,Shift+F8,Page Designer Design Page
Page Designer,Disable Key Sequence,Ctrl+P,Page Designer Design Page
Page Designer,Disable Key Sequence,Ctrl+P,Page Designer Preview Page
Page Designer,Disable Key Sequence,Ctrl+Space,Page Designer Preview Page
Page Designer,Increase Indent,F8,Page Designer Design Page
Page Designer,Insert Form,Ctrl+O,Page Designer Design Page
Page Designer,Insert Form,Ctrl+O,Page Designer SourcePage
Page Designer,Insert Heading 1,Ctrl+1,Page Designer Design Page
Page Designer,Insert Heading 1,Ctrl+1,Page Designer SourcePage
Page Designer,Insert Heading 2,Ctrl+2,Page Designer Design Page
Page Designer,Insert Heading 2,Ctrl+2,Page Designer SourcePage
Page Designer,Insert Heading 3,Ctrl+3,Page Designer Design Page
Page Designer,Insert Heading 3,Ctrl+3,Page Designer SourcePage
Page Designer,Insert Heading 4,Ctrl+4,Page Designer Design Page
Page Designer,Insert Heading 4,Ctrl+4,Page Designer SourcePage
Page Designer,Insert Heading 5,Ctrl+5,Page Designer Design Page
Page Designer,Insert Heading 5,Ctrl+5,Page Designer SourcePage
Page Designer,Insert Heading 6,Ctrl+6,Page Designer Design Page
Page Designer,Insert Heading 6,Ctrl+6,Page Designer SourcePage
Page Designer,Insert Image File,Ctrl+G,Page Designer Design Page
Page Designer,Insert Image File,Ctrl+G,Page Designer SourcePage
Page Designer,Insert Line Break,Ctrl+Enter,Page Designer Design Page
Page Designer,Insert Line Break,Ctrl+Enter,Page Designer SourcePage
Page Designer,Insert Link,Ctrl+Q,Page Designer Design Page
Page Designer,Insert Link,Ctrl+Q,Page Designer SourcePage
Page Designer,Insert Non-breaking Space,Ctrl+Shift+Space,Page Designer Design Page
Page Designer,Insert Non-breaking Space,Ctrl+Shift+Space,Page Designer SourcePage
Page Designer,Insert Paragraph,Ctrl+0,Page Designer Design Page
Page Designer,Insert Paragraph,Ctrl+0,Page Designer SourcePage
Page Designer,Insert Table,Ctrl+T,Page Designer Design Page
Page Designer,Insert Table,Ctrl+T,Page Designer SourcePage
Page Designer,Insert a space with Ctrl Key,Ctrl+Space,Page Designer Design Page
Page Designer,Italic,Ctrl+I,Page Designer Design Page
Page Designer,Join Selected Table Cells,Ctrl+Alt+J,Page Designer Design Page
Page Designer,Join Table Cell on Left,Alt+Shift+Left,Page Designer Design Page
Page Designer,Join Table Cell on Right,Alt+Shift+Right,Page Designer Design Page
Page Designer,Join Table Cell with Above,Alt+Shift+Up,Page Designer Design Page
Page Designer,Join Table Cell with Below,Alt+Shift+Down,Page Designer Design Page
Page Designer,Open Selection,F3,Page Designer Design Page
Page Designer,Remove Tag,Ctrl+D,Page Designer Design Page
Page Designer,Select Table Column,Ctrl+Shift+C,Page Designer Design Page
Page Designer,Select Table Row,Ctrl+Shift+R,Page Designer Design Page
Page Designer,Select Text Cell,Ctrl+Shift+X,Page Designer Design Page
Page Designer,Show Attributes View,Ctrl+Alt+Enter,Page Designer Design Page
Page Designer,Show Attributes View,Ctrl+Alt+Enter,Page Designer SourcePage
Page Designer,Split Table Cell into Columns,Ctrl+Alt+Right,Page Designer Design Page
Page Designer,Split Table Cell into Rows,Ctrl+Alt+Down,Page Designer Design Page
Page Designer,Switch to Design Page,Alt+Shift+G,Page Designer Design Page
Page Designer,Switch to Design Page,Alt+Shift+G,Page Designer SourcePage
Page Designer,Switch to Preview Page,Alt+Shift+E,Page Designer Design Page
Page Designer,Switch to Preview Page,Alt+Shift+E,Page Designer SourcePage
Page Designer,Switch to Source Page,Alt+Shift+S,Page Designer Design Page
Page Designer,Switch to Source Page,Alt+Shift+S,Page Designer SourcePage
Page Designer,Underline,Ctrl+U,Page Designer Design Page
Project,Build All,Ctrl+B,In Windows
Refactor - Java,Change Method Signature,Alt+Shift+C,In Windows
Refactor - Java,Extract Local Variable,Alt+Shift+L,In Windows
Refactor - Java,Extract Method,Alt+Shift+M,In Windows
Refactor - Java,Inline,Alt+Shift+I,In Windows
Refactor - Java,Move - Refactoring ,Alt+Shift+V,In Windows
Refactor - Java,Rename - Refactoring ,Alt+Shift+R,In Windows
Refactor - Java,Show Refactor Quick Menu,Alt+Shift+T,In Windows
Run/Debug,Add Memory Block,Ctrl+Alt+M,In Memory View
Run/Debug,Administrative Script,Alt+Shift+D, N,In Windows
Run/Debug,Administrative Script,Alt+Shift+X, N,In Windows
Run/Debug,Debug Ant Build,Alt+Shift+D, Q,In Windows
Run/Debug,Debug Eclipse Application,Alt+Shift+D, E,In Windows
Run/Debug,Debug Equinox Framework,Alt+Shift+D, X,In Windows
Run/Debug,Debug JUnit Plug-in Test,Alt+Shift+D, P,In Windows
Run/Debug,Debug JUnit Test,Alt+Shift+D, T,In Windows
Run/Debug,Debug Java Applet,Alt+Shift+D, A,In Windows
Run/Debug,Debug Java Application,Alt+Shift+D, J,In Windows
Run/Debug,Debug Last Launched,F11,In Windows
Run/Debug,Debug SWT Application,Alt+Shift+D, S,In Windows
Run/Debug,Debug on Server,Alt+Shift+D, R,In Windows
Run/Debug,Display,Ctrl+Shift+D,In Dialogs and Windows
Run/Debug,EOF,Ctrl+Z,In Console
Run/Debug,Execute,Ctrl+U,In Windows
Run/Debug,Go to Address,Ctrl+G,In Table MemoryRendering
Run/Debug,Inspect,Ctrl+Shift+I,In Dialogs and Windows
Run/Debug,Next Memory Monitor,Ctrl+Alt+N,In Memory View
Run/Debug,Profile on Server,Alt+Shift+P, R,In Windows
Run/Debug,Resume,F8,Debugging
Run/Debug,Run Ant Build,Alt+Shift+X, Q,In Windows
Run/Debug,Run Eclipse Application,Alt+Shift+X, E,In Windows
Run/Debug,Run Equinox Framework,Alt+Shift+X, X,In Windows
Run/Debug,Run JUnit Plug-in Test,Alt+Shift+X, P,In Windows
Run/Debug,Run JUnit Test,Alt+Shift+X, T,In Windows
Run/Debug,Run Java Applet,Alt+Shift+X, A,In Windows
Run/Debug,Run Java Application,Alt+Shift+X, J,In Windows
Run/Debug,Run Last Launched,Ctrl+F11,In Windows
Run/Debug,Run SWT Application,Alt+Shift+X, S,In Windows
Run/Debug,Run on Server,Alt+Shift+X, R,In Windows
Run/Debug,Run to Line,Ctrl+R,Debugging
Run/Debug,Step Into,F5,Debugging
Run/Debug,Step Into Selection,Ctrl+F5,Debugging
Run/Debug,Step Over,F6,Debugging
Run/Debug,Step Return,F7,Debugging
Run/Debug,Toggle Line Breakpoint,Ctrl+Shift+B,In Windows
Run/Debug,Toggle Memory Monitors Pane,Ctrl+T,In Memory View
Run/Debug,Toggle Step Filters,Shift+F5,In Windows
Search,Declaration in Workspace,Ctrl+G,In Windows
Search,Find Text in Workspace,Ctrl+Alt+G,In Windows
Search,Open Search Dialog,Ctrl+H,In Windows
Search,References in Workspace,Ctrl+Shift+G,In Windows
Search,Show Occurrences in File Quick Menu,Ctrl+Shift+U,In Windows
Source,Add Block Comment,Ctrl+Shift+/,Editing Java Source
Source,Add Import,Ctrl+Shift+M,Editing Java Source
Source,Add Javadoc Comment,Alt+Shift+J,In Windows
Source,Format,Ctrl+Shift+F,Editing Ant Buildfiles
Source,Format,Ctrl+Shift+F,Editing Java Source
Source,Indent Line,Ctrl+I,Editing Java Source
Source,Open External Documentation,Shift+F2,Editing Ant Buildfiles
Source,Organize Imports,Ctrl+Shift+O,In Windows
Source,Quick Assist - Assign to field,Ctrl+2, F,Editing Java Source
Source,Quick Assist - Assign to local variable,Ctrl+2, L,Editing Java Source
Source,Quick Assist - Rename in file,Ctrl+2, R,Editing Java Source
Source,Remove Block Comment,Ctrl+Shift+\,Editing Java Source
Source,Remove Occurrence Annotations,Alt+Shift+U,Editing Java Source
Source,Rename In File,Alt+Shift+R,Editing Ant Buildfiles
Source,Show Source Quick Menu,Alt+Shift+S,In Windows
Source,Show Tooltip Description,F2,Editing Ant Buildfiles
Source,Surround With Quick Menu,Alt+Shift+Z,In Windows
Source,Toggle Ant Mark Occurrences,Alt+Shift+O,Editing Ant Buildfiles
Source,Toggle Comment,Ctrl+/,Editing Java Source
Source,Toggle Comment,Ctrl+7,Editing Java Source
Source,Toggle Comment,Ctrl+Shift+C,Editing Java Source
Source,Toggle Mark Occurrences,Alt+Shift+O,Editing Java Source
Style,Bold,Ctrl+B,On Stylable Object
Style,Center,Ctrl+M,On Stylable Object
Style,Italic,Ctrl+I,On Stylable Object
Style,Justify,Ctrl+J,On Stylable Object
Style,Left,Ctrl+L,On Stylable Object
Style,Right,Ctrl+R,On Stylable Object
Style,Underline,Ctrl+U,On Stylable Object
Text Editing,Collapse,Ctrl+Numpad_Subtract,Editing Text
Text Editing,Collapse All,Ctrl+Shift+Numpad_Divide,Editing Text
Text Editing,Copy Lines,Ctrl+Alt+Down,Editing Text
Text Editing,Delete Line,Ctrl+D,Editing Text
Text Editing,Delete Next Word,Ctrl+Delete,Editing Text
Text Editing,Delete Previous Word,Ctrl+Backspace,Editing Text
Text Editing,Delete to End of Line,Ctrl+Shift+Delete,Editing Text
Text Editing,Duplicate Lines,Ctrl+Alt+Up,Editing Text
Text Editing,Expand,Ctrl+Numpad_Add,Editing Text
Text Editing,Expand All,Ctrl+Numpad_Multiply,Editing Text
Text Editing,Insert Line Above Current Line,Ctrl+Shift+Enter,Editing Text
Text Editing,Insert Line Below Current Line,Shift+Enter,Editing Text
Text Editing,Line End,End,Editing Text
Text Editing,Line Start,Home,Editing Text
Text Editing,Move Lines Down,Alt+Down,Editing Text
Text Editing,Move Lines Up,Alt+Up,Editing Text
Text Editing,Next Word,Ctrl+Right,Editing Text
Text Editing,Previous Word,Ctrl+Left,Editing Text
Text Editing,Reset Structure,Ctrl+Shift+Numpad_Multiply,Editing Text
Text Editing,Scroll Line Down,Ctrl+Down,Editing Text
Text Editing,Scroll Line Up,Ctrl+Up,Editing Text
Text Editing,Select Line End,Shift+End,Editing Text
Text Editing,Select Line Start,Shift+Home,Editing Text
Text Editing,Select Next Word,Ctrl+Shift+Right,Editing Text
Text Editing,Select Previous Word,Ctrl+Shift+Left,Editing Text
Text Editing,Text End,Ctrl+End,Editing Text
Text Editing,Text Start,Ctrl+Home,Editing Text
Text Editing,To Lower Case,Ctrl+Shift+Y,Editing Text
Text Editing,To Upper Case,Ctrl+Shift+X,Editing Text
Text Editing,Toggle Folding,Ctrl+Numpad_Divide,Editing Text
Text Editing,Toggle Overwrite,Insert,Editing Text
Transformations,Run Last,Ctrl+Alt+T,In Windows
UML2 Sequence Diagram Viewer,Go to associated message,Alt+R,UML2 Sequence Diagram Viewer
UML2 Sequence Diagram Viewer,Scroll down the sequence diagram,Ctrl+Alt+Down,UML2 Sequence Diagram Viewer
UML2 Sequence Diagram Viewer,Scroll left the sequence diagram,Ctrl+Alt+Left,UML2 Sequence Diagram Viewer
UML2 Sequence Diagram Viewer,Scroll right the sequence diagram,Ctrl+Alt+Right,UML2 Sequence Diagram Viewer
UML2 Sequence Diagram Viewer,Scroll up the sequence diagram,Ctrl+Alt+Up,UML2 Sequence Diagram Viewer
UML2 Sequence Diagram Viewer,Show the node end,Alt+End,UML2 Sequence Diagram Viewer
UML2 Sequence Diagram Viewer,Show the node start,Alt+Home,UML2 Sequence Diagram Viewer
Uncategorized,Open IBM Installation Manager,Ctrl+Shift+I,In Windows
View,Zoom In,Ctrl+=,In Windows
View,Zoom Out,Ctrl+-,In Windows
View Pages,Exports the report preview,Ctrl+Alt+E,Crystal Report previewing
View Pages,Refreshes the report preview,F5,Crystal Report previewing
View Pages,Shows the Data Page,Ctrl+Alt+D,Crystal Reports Designer
View Pages,Shows the Formula Page,Ctrl+Alt+F,Crystal Reports Designer
View Pages,Shows the Layout Page,Ctrl+Alt+L,Crystal Reports Designer
View Pages,Shows the Preview Page,Ctrl+Alt+P,Crystal Reports Designer
Views,Breakpoints,Alt+Shift+Q, B,In Windows
Views,Cheat Sheets,Alt+Shift+Q, H,In Windows
Views,Console,Alt+Shift+Q, C,In Windows
Views,Java Declaration,Alt+Shift+Q, D,In Windows
Views,Java Package Explorer,Alt+Shift+Q, P,In Windows
Views,Java Type Hierarchy,Alt+Shift+Q, T,In Windows
Views,Javadoc,Alt+Shift+Q, J,In Windows
Views,Search,Alt+Shift+Q, S,In Windows
Views,Show View (View: Outline),Alt+Shift+Q, O,In Windows
Views,Show View,Alt+Shift+Q, Q,In Windows
Views,Show View (View: Problems),Alt+Shift+Q, X,In Windows
Views,Synchronize,Alt+Shift+Q, Y,In Windows
Views,Variables,Alt+Shift+Q, V,In Windows
Web Site Designer,Edit Navigation Label,F3,Web Site Designer
Web Site Designer,Find Shared Page,Ctrl+F,Web Site Designer
Window,Activate Editor,F12,In Windows
Window,Maximize Active View or Editor,Ctrl+M,In Windows
Window,Next Editor,Ctrl+F6,In Windows
Window,Next Perspective,Ctrl+F8,In Windows
Window,Next View,Ctrl+F7,In Windows
Window,Previous Editor,Ctrl+Shift+F6,In Windows
Window,Previous Perspective,Ctrl+Shift+F8,In Windows
Window,Previous View,Ctrl+Shift+F7,In Windows
Window,Quick Switch Editor,Ctrl+E,In Windows
Window,Show Key Assist,Ctrl+Shift+L,In Dialogs and Windows
Window,Show Ruler Context Menu,Ctrl+F10,Editing Text
Window,Show System Menu,Alt+-,In Windows
Window,Show View Menu,Ctrl+F10,In Windows
Window,Switch to Editor,Ctrl+Shift+E,In Windows
